Method,1MB,10MB,100MB,1000MB
ECC Encryption,298.92231687600724,406.76314490876865,445.9662929572804,432.3434894272059
