Method,1MB,10MB,100MB,1000MB
ECC Decryption,359.7892198757868,401.08735162325405,444.36210549032205,431.17063788072267
